{	
"cactus": [
	{
		"frustum": null,
		"frustum_radius": 1.0,
		"frustum_center": {
			"y": 0.5
		}
	},
	{
		"path": "cactus.dae",
		"pos": {
			"x": 0.2,
			"y": 0.0,
			"z": -0.2
		},
		"rot": {
			"x": -90.0,
			"y": 0.0,
			"z": 180.0
		},
		"scale": {
			"x": 0.25,
			"y": 0.25,
			"z": 0.25
		}
	},
	{
		"path": "cactus.dae",
		"pos": {
			"x": -0.2,
			"y": 0.0,
			"z": 0.2
		},
		"rot": {
			"x": -90.0,
			"y": 0.0,
			"z": 180.0
		},
		"scale": {
			"x": 0.25,
			"y": 0.25,
			"z": 0.25
		}
	}
]
}
