{
"main_circle": [
	{
		"icon": "front-essentials/circle.png",
		"pos": {
			"x": 0.0,
			"y": 0.03,
			"z": 0.0
		}
	}
],
"main_circle_reach": [
	{
		"icon": "circle1.png",
		"pos": {
			"x": 0.0,
			"y": 0.03,
			"z": 0.0
		}
	}
],
"main_move": [
	{
		"icon": "front-essentials/move.png",
		"pos": {
			"x": 0.0,
			"y": 0.03,
			"z": 0.0
		},
		"scale": {
			"x": 0.25,
			"y": 0.25,
			"z": 0.25
		}
	}
],
"main_move_not": [
	{
		"icon": "move-not.png",
		"pos": {
			"x": 0.0,
			"y": 0.03,
			"z": 0.0
		},
		"scale": {
			"x": 0.25,
			"y": 0.25,
			"z": 0.25
		}
	}
],
"_flat": [
	{
		"path": "front-essentials/flat.obj"
	}
],
"_slope": [
	{
		"path": "front-essentials/slope.obj"
	}
],
"_corner+": [
	{
		"path": "front-essentials/corner+.obj"
	}
],
"_corner-": [
	{
		"path": "front-essentials/corner-.obj"
	}
],
"_double_corner": [
	{
		"path": "front-essentials/double_corner.obj"
	}
],
"_cliff": [
	{
		"path": "front-essentials/cliff.obj"
	}
]
}
