{
"wood": [
	{
		"icon": "wood.png",
		"pos": {
			"x": 0.0,
			"y": 2.0,
			"z": 0.0
		},
		"scale": {
			"x": 1.0,
			"y": 1.0
		},
		"camera_adaptive": true
	},
	{
		"path": "Tree 3.blend",
		"pos": {
			"x": 0.0,
			"y": 0.0,
			"z": 0.0
		},
		"rot": {
			"x": 0.0,
			"y": 0.0,
			"z": 0.0
		},
		"scale": {
			"x": 1.0,
			"y": 1.0
		}
	}
],
"iron": [
	{
		"icon": "iron.png",
		"pos": {
			"x": 0.0,
			"y": 2.0,
			"z": 0.0
		},
		"scale": {
			"x": 1.0,
			"y": 1.0
		},
		"camera_adaptive": true
	}
],
"stone": [
	{
		"icon": "iron.png",
		"pos": {
			"x": 0.0,
			"y": 2.0,
			"z": 0.0
		},
		"scale": {
			"x": 1.0,
			"y": 1.0
		},
		"camera_adaptive": true
	}
],
"money": [
	{
		"icon": "money.png",
		"pos": {
			"x": 0.0,
			"y": 2.0,
			"z": 0.0
		},
		"scale": {
			"x": 1.0,
			"y": 1.0
		},
		"camera_adaptive": true
	}
]
}

