{
"grass": [
	{
		"ground": null,
		"diffuse": "grass.png",
		"specular": "grass.png",
		"normal": "grass_norm.png"
	}
],
"tropics_grass": [
	{
		"ground": null,
		"diffuse": "tropics_grass.png",
		"specular": "tropics_grass.png",
		"normal": "grass_norm.png"
	}
],
"taiga_grass": [
	{
		"ground": null,
		"diffuse": "taiga_grass.png",
		"specular": "taiga_grass.png",
		"normal": "grass_norm.png"
	}
],
"hot_desert": [
	{
		"ground": null,
		"diffuse": "hot_desert.jpg",
		"specular": "hot_desert.jpg"
	}
],
"semihot_desert": [
	{
		"ground": null,
		"diffuse": "semihot_desert.jpg",
		"specular": "semihot_desert.jpg"
	}
],
"cold_desert": [
	{
		"ground": null,
		"diffuse": "cold_desert.jpg",
		"specular": "cold_desert.jpg"
	}
],
"tundra": [
	{
		"ground": null,
		"diffuse": "stone.jpg",
		"specular": "stone.jpg",
		"normal": "stone_norm.jpg"
	}
],
"stone": [
	{
		"ground": null,
		"diffuse": "stone.jpg",
		"specular": "stone.jpg",
		"normal": "stone_norm.jpg"
	}
],
"snow": [
	{
		"ground": null,
		"diffuse": "snow.png",
		"specular": "snow.png"
	}
],
"water": [
	{
		"ground": null,
		"diffuse": "water.jpg",
		"specular": "water.jpg"
	}
]
}
