{	

"tree": [
	{
		"frustum": null,
		"frustum_radius": 1.0,
		"frustum_center": {
			"y": 0.5
		}
	},
	{
		"path": "tree-lowpoly-swap.blend",
		"pos": {
			"x": 0.0,
			"y": 0.0,
			"z": 0.0
		},
		"rot": {
			"x": -90.0,
			"y": 0.0,
			"z": 180.0
		},
		"scale": {
			"x": 0.005,
			"y": 0.005,
			"z": 0.005
		},
		"tex": {
			"x": 1.0,
			"y": -1.0
		}
	},
	{
		"path": "tree-lowpoly-swap.blend",
		"pos": {
			"x": 0.0,
			"y": 0.0,
			"z": 0.0
		},
		"rot": {
			"x": -90.0,
			"y": 0.0,
			"z": 180.0
		},
		"scale": {
			"x": 0.005,
			"y": 0.005,
			"z": 0.005
		},
		"tex": {
			"x": 1.0,
			"y": -1.0
		}
	}
]
}
